LOCATION: Hollandse Kust zuid
SYSTEM SERIAL: HKZA
TIMESTAMP (ISO-8601) UTC,WindDir004m deg,WindDir030m deg,WindDir040m deg,WindDir040m_ref deg,WindDir060m deg,WindDir080m deg,WindDir100m deg,WindDir120m deg,WindDir140m deg,WindDir160m deg,WindDir180m deg,WindDir200m deg,WindGust004m m/s,WindSpeed004m m/s,WindSpeed030mh m/s,WindSpeed040mh m/s,WindSpeed040m_refh m/s,WindSpeed060mh m/s,WindSpeed080mh m/s,WindSpeed100mh m/s,WindSpeed120mh m/s,WindSpeed140mh m/s,WindSpeed160mh m/s,WindSpeed180mh m/s,WindSpeed200mh m/s,TI 030m,TI 040m,TI 040m ref,TI 060m,TI 080m,TI 100m,TI 120m,TI 140m,TI 160m,TI 180m,TI 200m
2017-01-24T00:00:00Z, 275.273440, 280.195310, 281.601560, 281.953130, 285.820310, 293.906250, 303.046880, 305.156250, 312.890630, 324.492190, 328.710940, 338.203130,   4.746090,   3.925780,   4.160160,   4.218750,   3.984380,   4.160160,   4.218750,   4.101560,   3.984380,   4.394530,   4.921880,   5.566410,   6.269530,   0.133057,   0.144043,   0.152588,   0.136719,   0.130615,   0.123291,   0.136719,   0.191650,   0.222168,   0.257568,   0.249023
2017-01-24T00:10:00Z, 272.109380, 284.414060, 290.390630, 290.742190, 298.476560, 306.562500, 309.726560, 310.781250, 315.000000, 316.054690, 323.437500, 329.414060,   3.808590,   3.046880,   3.046880,   2.988280,   3.046880,   3.281250,   3.457030,   3.808590,   4.160160,   4.218750,   5.097660,   5.156250,   6.093750,   0.240479,   0.124512,   0.162354,   0.184326,   0.189209,   0.180664,   0.239258,   0.166016,   0.244141,   0.257568,   0.214844
2017-01-24T00:20:00Z, 262.265630, 273.164060, 273.867190, 276.679690, 280.546880, 287.929690, 296.015630, 303.398440, 308.671880, 321.679690, 319.921880, 323.437500,   3.281250,   2.636720,   3.339840,   3.457030,   3.457030,   3.632810,   3.750000,   4.160160,   4.394530,   5.039060,   5.683590,   6.210940,   6.679690,   0.186768,   0.156250,   0.124512,   0.155029,   0.185547,   0.214844,   0.187988,   0.195313,   0.152588,   0.125732,   0.117188
2017-01-24T00:30:00Z, 262.617190, 278.437500, 283.359380, 283.359380, 290.390630, 299.179690, 306.562500, 310.781250, 315.351560, 317.812500, 321.679690, 319.570310,   3.867190,   3.105470,   3.808590,   4.101560,   3.984380,   4.394530,   4.921880,   5.507810,   6.093750,   6.562500,   6.855470,   7.089840,   7.089840,   0.142822,   0.090332,   0.120850,   0.134277,   0.124512,   0.102539,   0.095215,   0.079346,   0.083008,   0.074463,   0.075684
2017-01-24T00:40:00Z, 275.976560, 294.609380, 298.476560, 298.125000, 305.859380, 310.429690, 315.000000, 316.406250, 318.867190, 317.109380, 318.515630, 320.273440,   4.453130,   3.457030,   4.980470,   5.332030,   5.097660,   5.917970,   6.445310,   6.796880,   6.914060,   7.031250,   7.148440,   7.265630,   7.148440,   0.130615,   0.125732,   0.123291,   0.097656,   0.112305,   0.074463,   0.097656,   0.107422,   0.100098,   0.072021,   0.092773
2017-01-24T00:50:00Z, 291.445310, 309.375000, 309.023440, 311.132810, 310.429690, 313.242190, 314.296880, 317.109380, 322.382810, 318.164060, 320.625000, 322.382810,   5.800780,   4.101560,   5.566410,   5.683590,   5.859380,   6.445310,   6.796880,   7.265630,   7.441410,   7.441410,   7.265630,   7.617190,   7.675780,   0.111084,   0.128174,   0.124512,   0.106201,   0.159912,   0.134277,   0.120850,   0.125732,   0.122070,   0.146484,   0.131836
2017-01-24T01:00:00Z, 307.968750, 318.515630, 319.218750, 316.054690, 319.921880, 322.382810, 322.031250, 323.437500, 324.492190, 328.007810, 329.062500, 330.820310,   7.910160,   5.917970,   8.437500,   8.789060,   8.671880,   8.847660,   8.554690,   8.203130,   8.144530,   7.851560,   7.968750,   7.500000,   7.441410,   0.129395,   0.107422,   0.091553,   0.079346,   0.090332,   0.086670,   0.079346,   0.111084,   0.104980,   0.117188,   0.140381
2017-01-24T01:10:00Z, 304.804690, 310.078130, 311.835940, 313.242190, 313.593750, 318.515630, 321.328130, 326.953130, 326.601560, 326.250000, 331.171880, 329.062500,   8.378910,   6.621090,   7.558590,   7.441410,   7.617190,   7.500000,   7.441410,   7.441410,   7.089840,   7.148440,   7.148440,   7.382810,   7.324220,   0.104980,   0.122070,   0.103760,   0.106201,   0.126953,   0.098877,   0.125732,   0.107422,   0.074463,   0.081787,   0.114746
2017-01-24T01:20:00Z, 297.773440, 303.750000, 305.859380, 305.507810, 306.914060, 311.835940, 311.835940, 312.187500, 315.000000, 317.812500, 316.757810, 319.570310,   7.265630,   5.332030,   5.976560,   6.269530,   5.976560,   6.445310,   6.738280,   6.738280,   6.914060,   6.972660,   7.148440,   7.148440,   7.207030,   0.147705,   0.108643,   0.158691,   0.135498,   0.097656,   0.123291,   0.106201,   0.109863,   0.115967,   0.119629,   0.113525
2017-01-24T01:30:00Z, 300.937500, 312.890630, 311.132810, 311.835940, 313.242190, 317.109380, 316.406250, 318.515630, 317.460940, 316.757810, 316.757810, 319.218750,   5.390630,   4.453130,   5.976560,   6.445310,   6.328130,   6.855470,   7.324220,   7.148440,   7.265630,   7.089840,   7.207030,   7.148440,   7.441410,   0.123291,   0.092773,   0.125732,   0.115967,   0.070801,   0.111084,   0.112305,   0.119629,   0.115967,   0.112305,   0.103760
2017-01-24T01:40:00Z, 304.804690, 313.945310, 315.351560, 315.703130, 316.406250, 316.757810, 319.921880, 318.164060, 318.515630, 319.218750, 318.164060, 319.921880,   5.976560,   4.863280,   6.386720,   6.621090,   6.445310,   7.148440,   7.207030,   7.382810,   7.207030,   7.324220,   7.265630,   7.382810,   7.558590,   0.081787,   0.120850,   0.081787,   0.096436,   0.122070,   0.095215,   0.124512,   0.098877,   0.124512,   0.103760,   0.097656
2017-01-24T01:50:00Z, 304.804690, 311.484380, 315.000000, 315.000000, 315.351560, 317.109380, 315.351560, 313.945310, 318.515630, 315.351560, 318.164060, 318.867190,   5.507810,   4.687500,   6.269530,   6.679690,   6.562500,   7.089840,   7.148440,   7.031250,   7.324220,   7.324220,   7.441410,   7.382810,   7.675780,   0.123291,   0.136719,   0.076904,   0.089111,   0.111084,   0.112305,   0.076904,   0.096436,   0.095215,   0.089111,   0.104980
2017-01-24T02:00:00Z, 305.507810, 315.703130, 318.515630, 313.593750, 316.406250, 316.406250, 314.296880, 316.054690, 318.164060, 321.328130, 317.109380, 319.921880,   5.859380,   4.921880,   6.796880,   6.679690,   6.972660,   6.972660,   7.089840,   7.382810,   7.441410,   7.558590,   7.324220,   7.382810,   7.382810,   0.102539,   0.150146,   0.124512,   0.111084,   0.107422,   0.100098,   0.096436,   0.097656,   0.122070,   0.085449,   0.095215
2017-01-24T02:10:00Z, 306.562500, 312.890630, 314.648440, 315.703130, 314.648440, 315.703130, 316.406250, 318.867190, 317.460940, 319.921880, 319.218750, 317.812500,   7.089840,   5.097660,   6.679690,   6.972660,   6.914060,   7.207030,   7.382810,   7.500000,   7.265630,   7.441410,   7.207030,   7.324220,   7.558590,   0.129395,   0.124512,   0.108643,   0.114746,   0.097656,   0.074463,   0.117188,   0.108643,   0.084229,   0.117188,   0.111084
2017-01-24T02:20:00Z, 303.750000, 313.242190, 309.726560, 312.890630, 310.781250, 315.703130, 308.671880, 312.890630, 316.757810, 313.945310, 312.890630, 318.164060,   6.269530,   5.214840,   6.796880,   7.031250,   6.972660,   7.441410,   7.207030,   7.617190,   7.500000,   7.500000,   7.265630,   7.675780,   7.382810,   0.103760,   0.113525,   0.126953,   0.072021,   0.108643,   0.089111,   0.087891,   0.096436,   0.120850,   0.100098,   0.124512
2017-01-24T02:30:00Z, 305.859380, 314.296880, 312.187500, 314.648440, 315.000000, 313.593750, 315.000000, 316.054690, 314.296880, 320.273440, 317.109380, 315.000000,   6.503910,   5.273440,   6.796880,   6.855470,   7.031250,   7.031250,   6.796880,   7.500000,   7.265630,   7.617190,   7.148440,   7.265630,   7.089840,   0.101318,   0.093994,   0.118408,   0.113525,   0.135498,   0.101318,   0.103760,   0.119629,   0.125732,   0.122070,   0.126953
2017-01-24T02:40:00Z, 307.968750, 317.109380, 315.703130, 312.539060, 315.703130, 321.679690, 316.406250, 316.406250, 316.757810, 320.625000, 317.812500, 322.382810,   6.269530,   4.980470,   6.503910,   6.621090,   6.679690,   6.972660,   7.089840,   6.855470,   6.914060,   7.031250,   7.265630,   7.089840,   6.972660,   0.144043,   0.093994,   0.119629,   0.081787,   0.123291,   0.102539,   0.146484,   0.161133,   0.091553,   0.109863,   0.118408
2017-01-24T02:50:00Z, 310.078130, 312.890630, 317.460940, 316.757810, 317.109380, 321.328130, 319.570310, 320.625000, 317.812500, 318.867190, 320.976560, 322.734380,   5.800780,   4.687500,   6.328130,   6.679690,   6.386720,   6.796880,   6.679690,   6.796880,   6.738280,   7.031250,   7.089840,   7.148440,   6.796880,   0.112305,   0.112305,   0.129395,   0.123291,   0.129395,   0.128174,   0.095215,   0.122070,   0.126953,   0.117188,   0.091553
2017-01-24T03:00:00Z, 310.429690, 316.054690, 316.054690, 319.921880, 316.054690, 317.812500, 317.460940, 320.273440, 320.625000, 317.109380, 320.273440, 322.031250,   5.566410,   4.628910,   6.386720,   6.855470,   6.738280,   6.972660,   7.207030,   7.265630,   7.148440,   6.972660,   6.972660,   7.265630,   7.089840,   0.131836,   0.139160,   0.117188,   0.081787,   0.141602,   0.126953,   0.093994,   0.102539,   0.141602,   0.100098,   0.078125
2017-01-24T03:10:00Z, 313.242190, 318.164060, 315.703130, 316.757810, 319.570310, 317.109380, 321.328130, 319.921880, 320.976560, 318.867190, 322.031250, 322.031250,   6.152340,   4.980470,   6.445310,   6.445310,   6.503910,   6.679690,   7.031250,   6.914060,   6.796880,   7.031250,   7.031250,   7.089840,   6.855470,   0.124512,   0.134277,   0.122070,   0.112305,   0.093994,   0.119629,   0.151367,   0.122070,   0.109863,   0.101318,   0.114746
2017-01-24T03:20:00Z, 315.703130, 321.328130, 319.570310, 318.515630, 320.976560, 317.812500, 316.757810, 319.921880, 318.515630, 320.273440, 320.273440, 322.382810,   5.917970,   4.453130,   6.562500,   6.738280,   6.855470,   6.621090,   6.972660,   6.972660,   7.148440,   6.914060,   7.089840,   7.089840,   7.089840,   0.113525,   0.102539,   0.092773,   0.095215,   0.108643,   0.089111,   0.118408,   0.109863,   0.103760,   0.114746,   0.139160
2017-01-24T03:30:00Z, 315.000000, 320.625000, 322.031250, 321.679690, 319.218750, 319.570310, 322.031250, 319.218750, 324.140630, 322.031250, 324.492190, 322.031250,   5.800780,   4.101560,   6.621090,   6.679690,   6.679690,   6.738280,   6.796880,   6.796880,   6.796880,   6.972660,   6.796880,   6.738280,   6.914060,   0.123291,   0.133057,   0.100098,   0.098877,   0.097656,   0.111084,   0.144043,   0.091553,   0.092773,   0.129395,   0.126953
2017-01-24T03:40:00Z, 318.867190, 321.328130, 325.195310, 324.492190, 320.625000, 327.304690, 327.656250, 321.328130, 325.195310, 326.250000, 325.195310, 328.007810,   5.566410,   3.925780,   6.503910,   6.621090,   6.738280,   7.089840,   7.148440,   7.148440,   6.972660,   7.089840,   7.031250,   6.972660,   6.796880,   0.126953,   0.139160,   0.073242,   0.093994,   0.109863,   0.102539,   0.089111,   0.100098,   0.093994,   0.100098,   0.130615
2017-01-24T03:50:00Z, 315.000000, 323.437500, 322.031250, 321.328130, 324.843750, 324.140630, 325.195310, 324.843750, 324.843750, 329.062500, 326.250000, 329.062500,   5.742190,   4.042970,   6.562500,   6.738280,   6.679690,   6.855470,   6.796880,   6.914060,   7.031250,   6.972660,   6.972660,   7.031250,   7.031250,   0.147705,   0.112305,   0.130615,   0.107422,   0.112305,   0.120850,   0.107422,   0.085449,   0.095215,   0.130615,   0.101318
2017-01-24T04:00:00Z, 316.054690, 323.789060, 322.734380, 324.492190, 325.898440, 325.898440, 326.250000, 329.414060, 328.007810, 330.468750, 329.062500, 326.953130,   5.214840,   3.984380,   6.093750,   6.503910,   6.503910,   6.679690,   6.855470,   6.738280,   6.972660,   6.738280,   6.914060,   6.621090,   6.796880,   0.113525,   0.115967,   0.108643,   0.096436,   0.090332,   0.085449,   0.102539,   0.113525,   0.133057,   0.142822,   0.126953
2017-01-24T04:10:00Z, 317.812500, 325.898440, 319.921880, 323.437500, 324.843750, 324.843750, 325.195310, 325.195310, 326.601560, 325.898440, 328.007810, 329.765630,   6.562500,   4.746090,   6.269530,   6.679690,   6.503910,   6.738280,   6.914060,   6.621090,   6.855470,   6.738280,   6.914060,   6.855470,   6.738280,   0.091553,   0.141602,   0.126953,   0.114746,   0.067139,   0.111084,   0.083008,   0.106201,   0.117188,   0.120850,   0.117188
2017-01-24T04:20:00Z, 313.945310, 321.679690, 320.976560, 322.031250, 323.437500, 320.976560, 325.195310, 325.898440, 324.843750, 325.546880, 326.601560, 328.007810,   5.566410,   4.746090,   6.210940,   6.210940,   6.210940,   6.621090,   6.562500,   6.445310,   6.386720,   6.621090,   6.562500,   6.796880,   6.562500,   0.093994,   0.157471,   0.142822,   0.129395,   0.108643,   0.089111,   0.112305,   0.098877,   0.113525,   0.125732,   0.118408
2017-01-24T04:30:00Z, 316.757810, 324.843750, 324.140630, 326.250000, 328.710940, 326.601560, 328.007810, 326.250000, 328.007810, 330.468750, 329.414060, 332.226560,   5.625000,   4.511720,   5.976560,   6.093750,   6.093750,   6.445310,   6.210940,   6.328130,   6.386720,   6.621090,   6.562500,   6.679690,   6.562500,   0.103760,   0.125732,   0.119629,   0.112305,   0.139160,   0.147705,   0.118408,   0.112305,   0.124512,   0.118408,   0.101318
2017-01-24T04:40:00Z, 320.625000, 326.601560, 327.656250, 329.765630, 328.007810, 331.875000, 330.117190, 329.062500, 331.875000, 330.820310, 331.171880, 331.171880,   5.625000,   4.687500,   6.093750,   6.328130,   6.269530,   6.738280,   6.503910,   6.445310,   6.503910,   6.621090,   6.503910,   6.796880,   6.679690,   0.090332,   0.139160,   0.120850,   0.098877,   0.101318,   0.123291,   0.125732,   0.102539,   0.130615,   0.115967,   0.118408
2017-01-24T04:50:00Z, 323.437500, 330.820310, 328.359380, 330.468750, 330.468750, 329.062500, 329.765630, 331.875000, 331.171880, 333.281250, 332.929690, 332.578130,   5.742190,   4.746090,   6.152340,   6.152340,   6.152340,   6.328130,   6.386720,   6.621090,   6.562500,   6.679690,   6.621090,   6.386720,   6.562500,   0.122070,   0.142822,   0.126953,   0.097656,   0.108643,   0.120850,   0.118408,   0.126953,   0.108643,   0.113525,   0.142822
2017-01-24T05:00:00Z, 326.953130, 331.171880, 332.929690, 331.875000, 333.632810, 333.281250, 334.687500, 333.281250, 335.039060, 335.742190, 333.281250, 336.445310,   6.093750,   4.453130,   5.683590,   6.093750,   5.917970,   6.152340,   6.269530,   6.035160,   6.269530,   6.210940,   6.152340,   6.269530,   6.269530,   0.113525,   0.084229,   0.120850,   0.104980,   0.122070,   0.102539,   0.084229,   0.095215,   0.106201,   0.112305,   0.100098
2017-01-24T05:10:00Z, 332.226560, 334.687500, 338.203130, 335.390630, 336.796880, 338.203130, 336.445310, 339.257810, 337.851560, 341.367190, 338.203130, 345.234380,   5.449220,   4.570310,   5.859380,   5.859380,   5.742190,   5.976560,   6.093750,   6.210940,   6.386720,   6.269530,   6.269530,   6.269530,   6.152340,   0.130615,   0.130615,   0.122070,   0.130615,   0.102539,   0.090332,   0.102539,   0.109863,   0.080566,   0.101318,   0.135498
2017-01-24T05:20:00Z, 336.445310, 343.828130, 341.718750, 342.421880, 342.421880, 345.585940, 343.125000, 344.531250, 341.367190, 345.585940, 341.718750, 347.343750,   5.332030,   4.394530,   5.507810,   5.800780,   5.742190,   5.917970,   6.035160,   6.093750,   6.093750,   6.093750,   6.152340,   6.269530,   6.210940,   0.101318,   0.087891,   0.122070,   0.085449,   0.090332,   0.093994,   0.102539,   0.103760,   0.119629,   0.102539,   0.117188
2017-01-24T05:30:00Z, 338.554690, 342.421880, 345.937500, 343.828130, 342.773440, 346.289060, 346.640630, 344.179690, 344.882810, 344.179690, 347.695310, 348.398440,   4.980470,   4.160160,   5.332030,   5.566410,   5.449220,   5.742190,   6.093750,   5.859380,   6.093750,   5.800780,   6.210940,   6.269530,   6.328130,   0.136719,   0.103760,   0.134277,   0.142822,   0.104980,   0.101318,   0.104980,   0.152588,   0.103760,   0.086670,   0.097656
2017-01-24T05:40:00Z, 335.390630, 337.148440, 338.906250, 338.906250, 339.960940, 340.312500, 341.718750, 339.257810, 339.609380, 343.125000, 339.960940, 344.882810,   4.511720,   3.808590,   5.097660,   5.332030,   5.214840,   5.449220,   5.566410,   5.742190,   5.800780,   5.742190,   5.859380,   5.859380,   5.917970,   0.092773,   0.114746,   0.097656,   0.081787,   0.080566,   0.087891,   0.114746,   0.101318,   0.107422,   0.083008,   0.104980
2017-01-24T05:50:00Z, 334.335940, 339.609380, 339.960940, 341.015630, 337.500000, 341.367190, 341.718750, 343.125000, 343.125000, 344.179690, 342.070310, 345.234380,   4.570310,   3.750000,   4.804690,   5.097660,   5.039060,   5.332030,   5.507810,   5.507810,   5.625000,   5.449220,   5.566410,   5.683590,   5.859380,   0.107422,   0.133057,   0.102539,   0.107422,   0.111084,   0.122070,   0.134277,   0.109863,   0.092773,   0.108643,   0.076904
2017-01-24T06:00:00Z, 339.960940, 339.609380, 341.015630, 344.179690, 341.367190, 344.531250, 343.476560, 343.828130, 344.531250, 344.531250, 346.992190, 348.046880,   4.394530,   3.574220,   4.746090,   5.156250,   4.921880,   5.390630,   5.332030,   5.507810,   5.507810,   5.625000,   5.742190,   5.625000,   5.625000,   0.119629,   0.102539,   0.114746,   0.107422,   0.093994,   0.083008,   0.098877,   0.092773,   0.109863,   0.107422,   0.098877
2017-01-24T06:10:00Z, 336.093750, 337.851560, 335.390630, 336.796880, 339.257810, 337.148440, 338.554690, 340.664060, 338.554690, 339.257810, 340.312500, 341.718750,   4.160160,   3.515630,   4.980470,   5.273440,   5.390630,   5.566410,   5.683590,   5.683590,   5.683590,   5.566410,   5.625000,   5.742190,   5.566410,   0.084229,   0.101318,   0.101318,   0.086670,   0.114746,   0.089111,   0.085449,   0.085449,   0.124512,   0.096436,   0.092773
2017-01-24T06:20:00Z, 335.039060, 341.015630, 341.367190, 340.312500, 338.554690, 339.257810, 339.960940, 340.312500, 341.367190, 341.367190, 342.070310, 341.718750,   4.335940,   3.750000,   5.390630,   5.390630,   5.566410,   5.566410,   5.859380,   5.800780,   5.859380,   6.035160,   5.859380,   5.742190,   5.800780,   0.108643,   0.098877,   0.095215,   0.131836,   0.108643,   0.079346,   0.125732,   0.098877,   0.113525,   0.135498,   0.109863
2017-01-24T06:30:00Z, 344.531250, 348.398440, 346.289060, 348.750000, 348.750000, 346.640630, 349.101560, 348.398440, 350.507810, 348.398440, 355.429690, 358.945310,   5.156250,   4.042970,   5.214840,   5.449220,   5.449220,   5.683590,   5.800780,   5.800780,   5.742190,   5.625000,   5.742190,   5.800780,   6.035160,   0.096436,   0.086670,   0.103760,   0.079346,   0.095215,   0.091553,   0.100098,   0.114746,   0.122070,   0.128174,   0.092773
2017-01-24T06:40:00Z, 348.750000, 350.156250, 351.562500, 351.210940, 351.210940, 357.539060, 351.914060, 356.132810, 354.375000,   1.054690, 357.890630,   8.437500,   4.628910,   3.632810,   4.980470,   5.156250,   5.097660,   5.332030,   5.332030,   5.390630,   5.449220,   5.507810,   5.507810,   5.742190,   5.625000,   0.109863,   0.133057,   0.150146,   0.074463,   0.113525,   0.101318,   0.108643,   0.104980,   0.097656,   0.123291,   0.109863
2017-01-24T06:50:00Z, 349.804690, 352.617190, 352.265630, 354.023440, 351.210940, 354.023440, 355.429690,   0.703130, 359.296880,   1.406250,   2.460940,   3.867190,   4.042970,   3.339840,   4.160160,   4.511720,   4.453130,   4.628910,   5.214840,   5.039060,   5.332030,   4.980470,   5.097660,   5.039060,   5.332030,   0.151367,   0.145264,   0.151367,   0.133057,   0.108643,   0.129395,   0.134277,   0.172119,   0.141602,   0.130615,   0.147705
2017-01-24T07:00:00Z, 345.234380, 350.859380, 352.265630, 349.453130, 352.968750, 352.617190, 356.484380,   3.515630, 358.945310,   0.351560, 358.593750,   5.273440,   3.574220,   2.929690,   4.101560,   4.277340,   4.453130,   4.570310,   5.097660,   5.273440,   5.214840,   4.980470,   5.214840,   5.273440,   5.273440,   0.140381,   0.148926,   0.129395,   0.153809,   0.142822,   0.155029,   0.125732,   0.169678,   0.166016,   0.141602,   0.156250
2017-01-24T07:10:00Z,   2.460940,  10.546880,   9.843750,  12.304690,  13.710940,  19.335940,  21.796880,  21.796880,  29.179690,  28.125000,  21.093750,  27.773440,   4.921880,   3.281250,   3.398440,   3.339840,   3.398440,   3.281250,   3.632810,   3.808590,   3.925780,   4.277340,   4.335940,   4.570310,   4.863280,   0.213623,   0.272217,   0.262451,   0.242920,   0.261230,   0.202637,   0.216064,   0.218506,   0.236816,   0.189209,   0.195313
2017-01-24T07:20:00Z,   8.085940,  26.015630,  32.343750,  25.664060,  30.937500,  33.398440,  29.531250,  30.234380,  29.531250,  25.312500,  23.554690,  21.445310,   3.867190,   2.871090,   3.281250,   3.457030,   3.339840,   3.867190,   4.570310,   4.921880,   5.156250,   5.390630,   5.390630,   5.273440,   5.097660,   0.216064,   0.229492,   0.222168,   0.177002,   0.216064,   0.155029,   0.131836,   0.168457,   0.124512,   0.178223,   0.187988
2017-01-24T07:30:00Z,  20.742190,  40.078130,  36.914060,  39.023440,  36.914060,  30.585940,  26.367190,  20.742190,  23.203130,  15.820310,  13.710940,   8.085940,   3.691410,   3.046880,   4.277340,   4.804690,   4.687500,   4.863280,   4.804690,   4.804690,   5.039060,   4.921880,   5.156250,   4.804690,   5.273440,   0.153809,   0.087891,   0.146484,   0.145264,   0.167236,   0.155029,   0.146484,   0.192871,   0.147705,   0.187988,   0.136719
2017-01-24T07:40:00Z,  35.156250,  49.921880,  51.328130,  49.921880,  44.648440,  37.265630,  36.914060,  24.609380,  30.585940,  27.421880,  19.335940,  20.390630,   3.867190,   2.988280,   4.042970,   4.277340,   4.335940,   4.335940,   4.335940,   4.218750,   4.511720,   4.511720,   4.570310,   4.570310,   4.863280,   0.155029,   0.133057,   0.122070,   0.144043,   0.139160,   0.169678,   0.168457,   0.177002,   0.155029,   0.162354,   0.112305
2017-01-24T07:50:00Z,  36.914060,  59.414060,  54.140630,  55.546880,  49.921880,  42.539060,  39.375000,  39.375000,  33.750000,  36.914060,  30.234380,  27.773440,   3.339840,   2.343750,   3.222660,   3.164060,   3.281250,   3.339840,   3.398440,   3.691410,   3.574220,   3.691410,   3.925780,   3.925780,   4.101560,   0.241699,   0.184326,   0.203857,   0.157471,   0.144043,   0.192871,   0.152588,   0.139160,   0.141602,   0.170898,   0.150146
2017-01-24T08:00:00Z,  44.296880,  70.312500,  65.039060,  66.796880,  63.281250,  54.843750,  48.164060,  44.296880,  40.429690,  35.156250,  34.804690,  29.882810,   2.812500,   1.816410,   2.050780,   2.109380,   2.109380,   2.226560,   2.460940,   2.519530,   2.695310,   2.812500,   2.929690,   2.929690,   2.988280,   0.217285,   0.244141,   0.242920,   0.224609,   0.191650,   0.242920,   0.196533,   0.172119,   0.186768,   0.189209,   0.142822
2017-01-24T08:10:00Z,  91.757810, 104.765630, 104.414060, 106.171880,  87.187500,  77.343750,  64.335940,  65.390630,  54.843750,  52.734380,  40.078130,  37.968750,   2.109380,   1.054690,   1.699220,   1.816410,   1.875000,   1.757810,   1.933590,   2.109380,   2.167970,   2.167970,   2.285160,   2.343750,   2.519530,   0.262451,   0.207520,   0.183105,   0.223389,   0.225830,   0.230713,   0.233154,   0.234375,   0.275879,   0.208740,   0.192871
2017-01-24T08:20:00Z, 118.828130, 121.289060, 108.984380, 111.445310,  91.757810,  76.289060,  74.882810,  64.687500,  63.281250,  59.765630,  32.695310, 203.906250,   2.285160,   0.937500,   1.699220,   1.816410,   1.640630,   1.699220,   1.816410,   1.875000,   1.933590,   2.050780,   2.167970,   2.929690,   3.164060,   0.227051,   0.179443,   0.230713,   0.206299,   0.262451,   0.207520,   0.240479,   0.166016,   0.211182,   0.137939,   0.164795
2017-01-24T08:30:00Z, 137.460940, 130.078130, 123.398440, 125.507810, 116.015630,  94.218750,  75.937500,  61.875000,  52.031250,  54.140630, 188.437500, 195.117190,   2.109380,   1.289060,   1.933590,   1.757810,   1.699220,   1.640630,   1.464840,   1.230470,   1.347660,   1.347660,   1.523440,   1.699220,   1.933590,   0.230713,   0.307617,   0.288086,   0.371094,   0.350342,   0.275879,   0.272217,   0.228271,   0.290527,   0.349121,   0.423584
2017-01-24T08:40:00Z, 154.335940, 127.968750, 106.171880, 111.445310,  99.843750, 126.914060,  79.453130,  73.828130,  88.945310, 235.546880, 225.000000, 197.226560,   1.406250,   0.703130,   1.289060,   1.054690,   1.054690,   1.113280,   1.054690,   1.113280,   1.113280,   1.230470,   1.230470,   1.230470,   1.171880,   0.338135,   0.288086,   0.371094,   0.346680,   0.321045,   0.416260,   0.437012,   0.291748,   0.283203,   0.333252,   0.421143
2017-01-24T08:50:00Z, 169.804690, 134.296880, 125.156250, 113.554690, 140.625000, 245.039060, 103.007810,  79.804690,  90.703130, 231.679690, 101.953130, 162.773440,   1.171880,   0.468750,   0.996090,   0.937500,   0.937500,   0.878910,   0.878910,   0.937500,   0.937500,   0.996090,   0.996090,   1.113280,   1.289060,   0.412598,   0.283203,   0.430908,   0.327148,   0.261230,   0.358887,   0.316162,   0.281982,   0.277100,   0.233154,   0.374756
2017-01-24T09:00:00Z, 273.867190, 189.140630, 251.367190, 241.875000, 311.132810, 235.546880, 184.921880, 190.898440, 307.617190, 184.218750, 358.593750, 200.742190,   1.171880,   0.585940,   0.820310,   0.761720,   0.761720,   0.878910,   0.820310,   0.937500,   0.937500,   0.996090,   1.171880,   1.464840,   1.699220,   0.290527,   0.208740,   0.177002,   0.277100,   0.247803,   0.256348,   0.252686,   0.308838,   0.285645,   0.300293,   0.267334
2017-01-24T09:10:00Z, 259.804690, 174.375000, 226.054690, 173.671880, 247.851560, 275.976560, 306.210940, 321.679690, 187.031250, 181.757810, 188.789060, 192.304690,   1.582030,   0.703130,   0.820310,   0.820310,   0.820310,   0.820310,   0.761720,   0.878910,   0.996090,   1.289060,   1.523440,   1.699220,   2.050780,   0.281982,   0.213623,   0.264893,   0.267334,   0.279541,   0.234375,   0.234375,   0.267334,   0.230713,   0.227051,   0.217285
2017-01-24T09:20:00Z, 256.640630, 234.140630, 312.539060, 199.335940, 188.789060, 226.757810, 292.500000, 327.656250, 305.859380, 302.343750, 167.695310, 171.562500,   1.523440,   0.937500,   1.054690,   1.113280,   1.054690,   0.937500,   0.878910,   0.937500,   1.171880,   1.289060,   1.582030,   1.640630,   1.875000,   0.272217,   0.319824,   0.301514,   0.219727,   0.261230,   0.272217,   0.311279,   0.318604,   0.300293,   0.284424,   0.230713
2017-01-24T09:30:00Z, 254.531250, 243.984380, 301.992190, 326.250000, 247.851560, 333.984380, 271.406250, 176.132810, 188.437500, 177.539060, 181.406250, 175.429690,   1.699220,   0.820310,   0.878910,   1.054690,   0.996090,   0.820310,   1.113280,   1.230470,   1.699220,   1.875000,   2.402340,   2.402340,   2.812500,   0.253906,   0.292969,   0.264893,   0.250244,   0.198975,   0.268555,   0.256348,   0.229492,   0.163574,   0.156250,   0.126953
2017-01-24T09:40:00Z, 246.093750, 160.664060, 317.460940, 160.312500, 174.023440, 172.617190, 181.054690, 177.187500, 177.539060, 177.187500, 177.187500, 175.429690,   1.113280,   0.703130,   0.996090,   1.113280,   0.996090,   1.347660,   1.582030,   1.875000,   2.050780,   2.343750,   2.460940,   2.636720,   2.695310,   0.258789,   0.249023,   0.295410,   0.261230,   0.285645,   0.155029,   0.161133,   0.173340,   0.128174,   0.140381,   0.153809
2017-01-24T09:50:00Z, 227.109380, 137.812500, 181.757810, 161.367190, 192.656250, 196.171880, 197.226560, 175.781250, 182.812500, 184.218750, 196.523440, 198.281250,   1.347660,   0.820310,   1.230470,   1.347660,   1.230470,   1.406250,   1.640630,   1.816410,   2.167970,   2.343750,   2.636720,   2.929690,   2.871090,   0.527344,   0.604248,   0.621338,   0.483398,   0.363770,   0.269775,   0.269775,   0.258789,   0.225830,   0.278320,   0.256348
2017-01-24T10:00:00Z, 222.539060, 168.046880, 181.406250, 197.929690, 190.195310, 210.585940, 201.093750, 195.468750, 194.414060, 185.625000, 185.625000, 185.976560,   1.933590,   1.054690,   2.050780,   1.933590,   2.050780,   2.226560,   2.226560,   2.402340,   2.460940,   2.460940,   2.343750,   2.812500,   2.812500,   0.830078,   0.562744,   0.507813,   0.347900,   0.406494,   0.382080,   0.362549,   0.372314,   0.258789,   0.504150,   0.391846
2017-01-24T10:10:00Z, 229.921880, 144.140630, 168.398440, 186.328130, 184.218750, 196.523440, 188.085940, 184.570310, 198.632810, 197.929690, 188.437500, 191.953130,   2.050780,   1.113280,   1.816410,   1.699220,   1.582030,   1.699220,   1.699220,   1.992190,   2.050780,   2.167970,   2.226560,   2.226560,   2.343750,   1.173096,   0.493164,   0.554199,   0.610352,   0.524902,   0.506592,   0.338135,   0.367432,   0.268555,   0.334473,   0.245361
2017-01-24T10:20:00Z, 234.843750, 191.601560, 178.593750, 182.812500, 160.312500, 194.765630, 150.117190, 159.609380, 173.671880, 204.960940, 172.968750, 172.265630,   1.816410,   1.406250,   1.933590,   1.816410,   1.582030,   1.523440,   1.757810,   1.699220,   1.757810,   1.875000,   2.109380,   2.167970,   2.226560,   0.805664,   1.098633,   0.600586,   0.408936,   0.443115,   0.417480,   0.312500,   0.350342,   0.338135,   0.352783,   0.280762
2017-01-24T10:30:00Z, 234.140630, 153.984380, 309.023440, 151.523440, 315.351560, 146.250000, 152.226560, 157.148440, 150.468750, 153.281250, 159.609380, 168.398440,   2.109380,   1.464840,   1.289060,   1.171880,   1.113280,   1.113280,   1.171880,   1.289060,   1.347660,   1.523440,   1.640630,   1.816410,   1.816410,   0.286865,   0.311279,   0.268555,   0.279541,   0.257568,   0.205078,   0.242920,   0.213623,   0.200195,   0.229492,   0.283203
2017-01-24T10:40:00Z, 234.843750, 184.570310, 146.250000, 312.187500, 315.703130, 148.007810, 150.468750, 151.171880, 159.609380, 159.960940, 161.718750, 166.289060,   1.816410,   1.406250,   1.289060,   1.289060,   1.230470,   1.289060,   1.347660,   1.406250,   1.523440,   1.699220,   1.933590,   2.285160,   2.460940,   0.257568,   0.222168,   0.251465,   0.208740,   0.211182,   0.241699,   0.194092,   0.211182,   0.175781,   0.179443,   0.142822
2017-01-24T10:50:00Z, 244.687500, 265.429690, 179.296880, 192.304690, 322.031250, 316.054690, 306.914060, 317.109380, 314.296880, 325.195310, 328.710940, 156.796880,   2.343750,   1.816410,   1.640630,   1.523440,   1.523440,   1.523440,   1.464840,   1.582030,   1.582030,   1.816410,   2.050780,   2.285160,   2.519530,   0.216064,   0.207520,   0.168457,   0.214844,   0.250244,   0.187988,   0.185547,   0.173340,   0.185547,   0.125732,   0.155029
2017-01-24T11:00:00Z, 239.765630, 230.976560, 240.468750, 239.765630, 307.265630, 158.203130, 150.468750, 155.742190, 159.609380, 163.476560, 166.289060, 162.070310,   2.167970,   1.523440,   1.289060,   1.171880,   1.230470,   1.113280,   1.289060,   1.523440,   1.933590,   2.285160,   2.460940,   2.578130,   2.519530,   0.253906,   0.328369,   0.268555,   0.275879,   0.218506,   0.247803,   0.179443,   0.170898,   0.151367,   0.124512,   0.170898
2017-01-24T11:10:00Z, 199.335940, 130.078130, 144.492190, 121.640630, 205.664060, 194.062500, 195.117190, 188.437500, 195.468750, 191.601560, 193.359380, 189.843750,   1.699220,   0.937500,   0.878910,   0.820310,   0.878910,   1.230470,   1.406250,   1.992190,   2.109380,   2.285160,   2.167970,   2.226560,   2.167970,   0.317383,   0.206299,   0.230713,   0.318604,   0.291748,   0.175781,   0.118408,   0.140381,   0.150146,   0.113525,   0.163574
2017-01-24T11:20:00Z, 146.953130,  96.679690,  84.023440,  82.968750, 236.250000, 227.460940, 217.617190, 173.671880, 204.257810, 212.695310, 219.726560, 235.195310,   1.699220,   1.289060,   1.347660,   1.464840,   1.347660,   1.699220,   2.167970,   2.167970,   2.285160,   2.167970,   2.343750,   2.343750,   2.226560,   0.273438,   0.261230,   0.264893,   0.207520,   0.120850,   0.166016,   0.106201,   0.109863,   0.146484,   0.109863,   0.155029
2017-01-24T11:30:00Z, 161.718750, 132.539060, 124.804690, 144.140630, 166.992190, 202.500000, 209.179690, 211.992190, 211.640630, 216.562500, 203.203130, 202.500000,   1.464840,   0.937500,   0.878910,   0.937500,   0.937500,   1.464840,   1.757810,   1.992190,   1.933590,   2.050780,   2.050780,   2.109380,   1.875000,   0.261230,   0.290527,   0.294189,   0.206299,   0.126953,   0.142822,   0.168457,   0.130615,   0.137939,   0.170898,   0.164795
2017-01-24T11:40:00Z, 202.148440, 192.304690, 242.929690, 229.921880, 245.742190, 215.507810, 205.664060, 219.375000, 212.343750, 209.531250, 209.882810, 217.968750,   1.054690,   0.703130,   0.761720,   0.820310,   0.820310,   1.289060,   1.640630,   1.816410,   1.699220,   1.933590,   1.933590,   1.816410,   1.816410,   0.236816,   0.245361,   0.209961,   0.244141,   0.175781,   0.177002,   0.181885,   0.156250,   0.184326,   0.185547,   0.153809
2017-01-24T11:50:00Z, 242.226560, 170.859380, 293.906250, 326.601560, 184.570310, 195.468750, 188.437500, 165.585940, 259.453130, 196.523440, 270.351560, 196.171880,   1.054690,   0.761720,   0.820310,   0.937500,   0.937500,   1.289060,   1.640630,   1.816410,   1.933590,   1.933590,   1.875000,   1.933590,   1.933590,   0.260010,   0.236816,   0.222168,   0.184326,   0.173340,   0.139160,   0.128174,   0.152588,   0.155029,   0.136719,   0.153809
2017-01-24T12:00:00Z, 250.312500, 326.601560, 328.710940, 331.523440, 174.375000, 176.484380, 168.398440, 185.976560, 189.492190, 175.781250, 172.617190, 185.625000,   1.582030,   1.113280,   0.761720,   0.878910,   0.820310,   1.171880,   1.289060,   1.582030,   1.699220,   1.757810,   1.757810,   1.699220,   1.699220,   0.266113,   0.238037,   0.260010,   0.218506,   0.241699,   0.175781,   0.202637,   0.168457,   0.175781,   0.173340,   0.190430
2017-01-24T12:10:00Z, 251.015630, 303.750000, 306.562500, 323.085940, 341.015630, 164.882810, 168.750000, 180.351560, 185.625000, 179.648440, 184.218750, 185.273440,   2.050780,   1.523440,   0.820310,   0.878910,   0.937500,   0.878910,   1.113280,   1.289060,   1.582030,   1.523440,   1.640630,   1.640630,   1.582030,   0.310059,   0.239258,   0.340576,   0.240479,   0.281982,   0.195313,   0.141602,   0.239258,   0.186768,   0.169678,   0.135498
2017-01-24T12:20:00Z, 257.695310, 278.085940, 295.664060, 293.906250, 308.671880, 316.054690, 324.492190, 339.609380, 341.718750, 347.343750, 344.531250, 169.804690,   2.343750,   1.933590,   1.347660,   1.230470,   1.230470,   1.289060,   1.289060,   1.406250,   1.464840,   1.523440,   1.582030,   1.523440,   1.582030,   0.230713,   0.284424,   0.244141,   0.208740,   0.185547,   0.202637,   0.198975,   0.197754,   0.170898,   0.187988,   0.195313
2017-01-24T12:30:00Z, 253.125000, 274.218750, 292.500000, 293.554690, 303.750000, 310.078130, 319.570310, 332.929690, 336.445310, 342.070310, 163.476560, 339.960940,   2.285160,   1.816410,   1.347660,   1.230470,   1.289060,   1.230470,   1.230470,   1.347660,   1.406250,   1.406250,   1.406250,   1.406250,   1.406250,   0.260010,   0.284424,   0.286865,   0.281982,   0.240479,   0.228271,   0.206299,   0.141602,   0.236816,   0.238037,   0.231934
2017-01-24T12:40:00Z, 242.578130, 261.562500, 277.734380, 274.218750, 296.015630, 308.671880, 324.492190, 330.117190, 332.226560, 162.421880, 165.937500, 161.367190,   2.285160,   1.289060,   1.347660,   1.171880,   1.113280,   1.054690,   1.113280,   1.113280,   1.171880,   1.171880,   1.230470,   1.171880,   1.054690,   0.379639,   0.329590,   0.351563,   0.220947,   0.233154,   0.241699,   0.267334,   0.270996,   0.325928,   0.281982,   0.283203
2017-01-24T12:50:00Z, 244.335940, 260.156250, 265.429690, 266.835940, 277.734380, 282.656250, 290.742190, 296.367190, 301.992190, 309.375000, 312.539060, 313.242190,   2.636720,   2.109380,   2.343750,   1.992190,   2.109380,   1.816410,   1.757810,   1.699220,   1.582030,   1.582030,   1.523440,   1.464840,   1.406250,   0.123291,   0.153809,   0.168457,   0.207520,   0.227051,   0.211182,   0.187988,   0.225830,   0.244141,   0.251465,   0.251465
2017-01-24T13:00:00Z, 246.093750, 271.406250, 276.679690, 278.437500, 284.765630, 290.390630, 302.343750, 304.804690, 314.296880, 318.164060, 320.976560, 318.515630,   2.519530,   1.757810,   1.757810,   1.464840,   1.523440,   1.464840,   1.464840,   1.464840,   1.464840,   1.289060,   1.289060,   1.230470,   1.171880,   0.203857,   0.183105,   0.185547,   0.184326,   0.190430,   0.184326,   0.241699,   0.256348,   0.249023,   0.247803,   0.234375
2017-01-24T13:10:00Z, 248.203130, 267.539060, 273.867190, 273.515630, 283.359380, 284.414060, 294.960940, 300.585940, 304.453130, 307.617190, 309.726560, 310.429690,   2.285160,   1.875000,   1.933590,   1.816410,   1.816410,   1.699220,   1.816410,   1.699220,   1.523440,   1.464840,   1.464840,   1.464840,   1.464840,   0.135498,   0.175781,   0.152588,   0.208740,   0.187988,   0.203857,   0.186768,   0.186768,   0.240479,   0.208740,   0.187988
2017-01-24T13:20:00Z, 247.148440, 277.031250, 274.921880, 278.437500, 271.757810, 300.937500, 313.242190, 313.945310, 314.648440, 325.898440, 321.679690, 321.328130,   2.167970,   1.582030,   2.460940,   2.636720,   2.519530,   2.753910,   2.753910,   2.226560,   2.460940,   2.285160,   2.285160,   2.343750,   2.226560,   0.355225,   0.537109,   0.440674,   0.627441,   0.539551,   0.100098,   0.400391,   0.266113,   0.269775,   0.227051,   0.335693
2017-01-24T13:30:00Z, 248.906250, 283.710940, 275.273440, 286.875000, 278.085940, 301.992190, 286.875000, 299.531250, 315.703130, 310.078130, 307.617190, 327.656250,   1.875000,   1.464840,   2.636720,   2.988280,   2.871090,   2.636720,   2.226560,   2.519530,   2.753910,   2.226560,   2.402340,   2.343750,   2.460940,   0.496826,   0.634766,   0.545654,   0.490723,   0.131836,   0.445557,   0.601807,   0.208740,   0.360107,   0.314941,   0.648193
2017-01-24T13:40:00Z, 228.867190, 255.937500, 258.750000, 283.007810, 270.351560, 280.546880, 284.765630, 314.296880, 289.335940, 309.375000, 300.234380, 290.390630,   1.640630,   1.113280,   5.097660,   4.746090,   6.093750,   4.335940,   3.808590,   3.457030,   2.519530,   3.281250,   2.578130,   2.636720,   2.871090,   0.665283,   0.705566,   0.728760,   0.657959,   0.651855,   0.711670,   0.379639,   0.686035,   0.339355,   0.521240,   0.703125
2017-01-24T13:50:00Z, 238.359380, 240.468750, 253.125000, 293.554690, 301.640630, 298.476560, 292.148440, 281.953130, 318.515630, 303.398440, 270.703130, 294.960940,   1.347660,   0.937500,   5.566410,   6.269530,   5.917970,   4.511720,   4.687500,   4.687500,   2.695310,   3.398440,   2.812500,   4.570310,   2.753910,   0.865479,   0.765381,   0.895996,   0.855713,   0.886230,   0.877686,   0.794678,   0.942383,   0.948486,   1.096191,   0.998535
2017-01-24T14:00:00Z, 235.195310, 241.523440, 264.726560, 264.726560, 270.000000, 275.625000, 305.156250, 310.429690, 313.945310, 304.804690, 302.343750, 317.812500,   1.230470,   0.937500,   0.878910,   0.820310,   0.878910,   0.820310,   0.820310,   0.878910,   0.996090,   1.054690,   0.937500,   0.996090,   1.054690,   0.252686,   0.235596,   0.263672,   0.252686,   0.281982,   0.236816,   0.267334,   0.260010,   0.239258,   0.273438,   0.270996
2017-01-24T14:10:00Z, 224.648440, 243.281250, 225.000000, 262.617190, 251.718750, 280.546880, 292.500000, 141.679690, 312.539060, 135.000000, 313.593750, 308.320310,   1.464840,   0.996090,   0.761720,   0.761720,   0.761720,   0.761720,   0.820310,   0.937500,   0.937500,   0.996090,   0.996090,   0.996090,   1.054690,   0.245361,   0.211182,   0.213623,   0.213623,   0.247803,   0.277100,   0.245361,   0.240479,   0.236816,   0.268555,   0.283203
2017-01-24T14:20:00Z, 227.460940, 218.320310, 225.000000, 240.117190, 265.078130, 311.132810, 305.859380, 313.242190, 143.789060, 316.406250, 309.023440, 137.812500,   1.347660,   1.054690,   0.820310,   0.761720,   0.761720,   0.820310,   0.820310,   0.820310,   0.937500,   1.054690,   0.937500,   0.937500,   0.996090,   0.230713,   0.214844,   0.197754,   0.208740,   0.249023,   0.229492,   0.300293,   0.249023,   0.292969,   0.234375,   0.264893
2017-01-24T14:30:00Z, 234.843750, 229.218750, 265.078130, 240.468750, 235.195310, 280.898440, 310.429690, 292.851560, 292.851560, 292.500000, 311.835940, 291.445310,   1.582030,   1.230470,   0.937500,   0.878910,   0.937500,   0.878910,   0.820310,   0.878910,   0.996090,   1.113280,   1.113280,   1.054690,   1.054690,   0.292969,   0.211182,   0.333252,   0.582275,   0.261230,   0.229492,   0.252686,   0.302734,   0.334473,   0.275879,   0.253906
2017-01-24T14:40:00Z, 245.742190, 265.781250, 255.937500, 221.835940, 191.250000, 253.476560, 226.054690, 326.250000, 300.585940, 324.843750, 329.414060, 320.625000,   1.757810,   1.347660,   1.054690,   1.054690,   0.996090,   0.820310,   0.878910,   0.937500,   1.171880,   0.996090,   1.113280,   1.113280,   1.171880,   0.246582,   0.239258,   0.245361,   0.253906,   0.240479,   0.270996,   0.244141,   0.207520,   0.233154,   0.236816,   0.240479
2017-01-24T14:50:00Z, 247.148440, 263.671880, 203.554690, 216.562500, 186.679690, 218.320310, 161.367190, 332.929690, 328.710940, 322.382810, 317.812500, 319.921880,   1.699220,   1.289060,   1.171880,   0.996090,   0.996090,   0.937500,   0.820310,   0.937500,   0.996090,   1.054690,   1.113280,   1.230470,   1.230470,   0.283203,   0.303955,   0.262451,   0.310059,   0.246582,   0.255127,   0.301514,   0.251465,   0.239258,   0.206299,   0.301514
2017-01-24T15:00:00Z, 229.570310, 202.148440, 212.695310, 202.148440, 208.828130, 201.445310, 194.414060, 189.492190, 180.351560, 176.835940, 161.367190, 164.179690,   1.523440,   1.113280,   0.820310,   0.761720,   0.761720,   0.703130,   0.703130,   0.820310,   0.820310,   0.878910,   0.878910,   0.937500,   0.937500,   0.284424,   0.194092,   0.162354,   0.156250,   0.147705,   0.262451,   0.205078,   0.281982,   0.239258,   0.235596,   0.235596
2017-01-24T15:10:00Z, 234.843750, 189.140630, 200.390630, 196.171880, 222.890630, 193.359380, 194.062500, 185.625000, 189.492190, 218.320310, 185.625000, 175.078130,   1.406250,   0.820310,   0.761720,   0.703130,   0.703130,   0.703130,   0.820310,   0.820310,   0.878910,   0.937500,   0.937500,   0.937500,   1.054690,   0.258789,   0.172119,   0.224609,   0.124512,   0.220947,   0.228271,   0.220947,   0.268555,   0.233154,   0.264893,   0.261230
2017-01-24T15:20:00Z, 209.179690, 184.570310, 177.539060, 198.984380, 153.984380, 215.507810, 184.921880, 204.960940, 212.695310, 213.750000, 206.367190, 206.718750,   1.113280,   0.703130,   0.703130,   0.703130,   0.703130,   0.820310,   0.820310,   0.820310,   0.878910,   0.878910,   0.820310,   0.820310,   0.820310,   0.216064,   0.166016,   0.134277,   0.222168,   0.211182,   0.228271,   0.250244,   0.249023,   0.208740,   0.230713,   0.207520
2017-01-24T15:30:00Z, 200.039060, 217.617190, 218.671880, 206.015630, 190.195310, 213.046880, 194.765630, 226.757810, 231.679690, 228.164060, 205.312500, 204.609380,   1.230470,   0.996090,   0.703130,   0.703130,   0.703130,   0.761720,   0.761720,   0.820310,   0.820310,   0.820310,   0.820310,   0.761720,   0.761720,   0.175781,   0.108643,   0.166016,   0.219727,   0.170898,   0.216064,   0.240479,   0.225830,   0.225830,   0.201416,   0.209961
2017-01-24T15:40:00Z, 220.078130, 222.539060, 234.492190, 232.734380, 240.820310, 232.031250, 226.054690, 225.000000, 235.195310, 225.703130, 222.890630, 214.804690,   1.113280,   0.878910,   0.761720,   0.703130,   0.703130,   0.703130,   0.703130,   0.761720,   0.761720,   0.761720,   0.761720,   0.761720,   0.820310,   0.234375,   0.139160,   0.051270,   0.092773,   0.156250,   0.185547,   0.216064,   0.200195,   0.183105,   0.214844,   0.327148
2017-01-24T15:50:00Z, 203.906250, 260.156250, 288.632810, 253.476560, 290.742190, 259.804690, 267.890630, 268.945310, 266.835940, 275.625000, 152.929690, 215.507810,   0.996090,   0.703130,   0.703130,   0.703130,   0.703130,   0.878910,   0.996090,   1.054690,   1.113280,   1.054690,   0.996090,   0.937500,   0.937500,   0.124512,   0.227051,   0.179443,   0.229492,   0.261230,   0.263672,   0.238037,   0.225830,   0.247803,   0.195313,   0.260010
2017-01-24T16:00:00Z, 134.296880, 120.234380, 120.937500, 114.609380, 131.835940, 106.523440, 104.414060,  99.140630,  97.031250,  91.757810,  92.460940,  90.703130,   3.457030,   1.347660,   4.628910,   3.632810,   3.632810,   3.339840,   2.871090,   2.871090,   2.988280,   2.753910,   2.578130,   2.695310,   2.578130,   0.573730,   0.511475,   0.506592,   0.382080,   0.279541,   0.295410,   0.440674,   0.270996,   0.251465,   0.274658,   0.184326
2017-01-24T16:10:00Z, 127.265630, 134.296880, 136.054690, 136.757810, 135.703130, 133.593750, 133.593750, 131.132810, 127.968750, 133.242190, 126.562500, 127.617190,   4.746090,   3.691410,   4.277340,   4.101560,   4.160160,   3.750000,   3.574220,   3.574220,   3.515630,   3.691410,   3.632810,   3.632810,   3.632810,   0.090332,   0.090332,   0.092773,   0.100098,   0.112305,   0.124512,   0.146484,   0.156250,   0.145264,   0.144043,   0.164795
2017-01-24T16:20:00Z, 129.726560, 137.109380, 136.054690, 137.109380, 140.273440, 135.351560, 133.945310, 134.296880, 134.648440, 135.351560, 137.109380, 134.296880,   5.507810,   4.160160,   4.687500,   4.570310,   4.570310,   4.570310,   4.511720,   4.277340,   4.570310,   4.628910,   4.570310,   4.335940,   4.687500,   0.180664,   0.104980,   0.156250,   0.153809,   0.164795,   0.169678,   0.177002,   0.135498,   0.179443,   0.209961,   0.155029
2017-01-24T16:30:00Z, 129.375000, 140.273440, 139.921880, 140.976560, 141.328130, 139.921880, 137.109380, 136.757810, 139.570310, 140.625000, 132.539060, 137.460940,   5.742190,   4.511720,   4.570310,   4.687500,   4.570310,   4.804690,   4.687500,   4.628910,   4.570310,   4.628910,   4.453130,   4.453130,   4.570310,   0.102539,   0.141602,   0.156250,   0.136719,   0.209961,   0.124512,   0.157471,   0.186768,   0.189209,   0.219727,   0.217285
2017-01-24T16:40:00Z, 138.515630, 144.492190, 144.140630, 143.085940, 143.437500, 147.656250, 143.789060, 148.710940, 142.031250, 147.656250, 140.273440, 143.085940,   5.507810,   4.628910,   4.570310,   4.628910,   4.570310,   4.687500,   4.746090,   4.746090,   4.687500,   4.453130,   4.687500,   4.687500,   4.628910,   0.168457,   0.158691,   0.164795,   0.150146,   0.129395,   0.156250,   0.169678,   0.190430,   0.162354,   0.181885,   0.175781
2017-01-24T16:50:00Z, 144.140630, 154.687500, 157.148440, 154.335940, 156.796880, 154.687500, 152.226560, 154.335940, 155.390630, 153.281250, 152.929690, 150.468750,   5.742190,   4.570310,   4.687500,   4.570310,   4.804690,   4.804690,   4.628910,   4.687500,   4.511720,   4.570310,   4.277340,   4.394530,   4.394530,   0.194092,   0.151367,   0.139160,   0.135498,   0.170898,   0.178223,   0.145264,   0.156250,   0.198975,   0.189209,   0.137939
2017-01-24T17:00:00Z, 162.773440, 169.453130, 168.046880, 168.750000, 165.937500, 168.046880, 168.750000, 167.695310, 169.804690, 171.210940, 167.695310, 168.046880,   5.332030,   4.160160,   4.570310,   4.570310,   4.746090,   4.746090,   4.570310,   4.746090,   4.511720,   4.453130,   4.511720,   4.394530,   4.570310,   0.186768,   0.164795,   0.162354,   0.145264,   0.167236,   0.111084,   0.229492,   0.213623,   0.174561,   0.173340,   0.194092
2017-01-24T17:10:00Z, 162.421880, 166.640630, 166.289060, 166.640630, 168.750000, 166.640630, 166.640630, 168.046880, 164.882810, 167.343750, 162.773440, 168.398440,   6.328130,   4.804690,   5.332030,   5.273440,   5.039060,   4.921880,   5.039060,   5.097660,   4.980470,   4.863280,   4.863280,   4.804690,   5.097660,   0.129395,   0.119629,   0.142822,   0.097656,   0.144043,   0.131836,   0.203857,   0.178223,   0.153809,   0.177002,   0.161133
2017-01-24T17:20:00Z, 160.664060, 165.937500, 166.289060, 165.234380, 168.398440, 164.179690, 165.585940, 161.015630, 164.531250, 168.046880, 161.367190, 159.609380,   7.324220,   4.804690,   5.273440,   5.507810,   5.566410,   5.390630,   5.449220,   5.156250,   5.156250,   5.214840,   5.214840,   4.980470,   5.097660,   0.134277,   0.139160,   0.107422,   0.134277,   0.150146,   0.157471,   0.184326,   0.207520,   0.190430,   0.177002,   0.220947
2017-01-24T17:30:00Z, 161.367190, 162.773440, 163.828130, 162.421880, 167.343750, 163.476560, 160.664060, 160.312500, 165.937500, 163.125000, 162.070310, 159.257810,   6.328130,   5.097660,   5.800780,   5.917970,   5.800780,   5.800780,   5.625000,   5.566410,   5.800780,   5.625000,   5.566410,   5.507810,   5.683590,   0.106201,   0.119629,   0.126953,   0.120850,   0.148926,   0.150146,   0.128174,   0.126953,   0.175781,   0.197754,   0.128174
2017-01-24T17:40:00Z, 152.929690, 162.070310, 168.398440, 162.773440, 168.398440, 166.289060, 164.531250, 160.312500, 164.882810, 161.718750, 161.367190, 161.015630,   8.378910,   5.449220,   5.683590,   5.800780,   5.742190,   5.859380,   5.507810,   5.507810,   5.449220,   5.917970,   5.449220,   5.625000,   5.273440,   0.128174,   0.158691,   0.145264,   0.157471,   0.175781,   0.167236,   0.196533,   0.144043,   0.189209,   0.179443,   0.113525
2017-01-24T17:50:00Z, 156.445310, 179.648440, 177.539060, 180.703130, 176.835940, 177.187500, 179.648440, 180.703130, 177.890630, 178.945310, 176.132810, 178.242190,   9.082030,   6.328130,   5.742190,   5.742190,   5.742190,   5.332030,   5.625000,   5.683590,   5.683590,   5.332030,   5.390630,   5.449220,   5.449220,   0.152588,   0.177002,   0.172119,   0.157471,   0.170898,   0.162354,   0.186768,   0.190430,   0.168457,   0.174561,   0.134277
2017-01-24T18:00:00Z, 150.468750, 176.835940, 171.914060, 173.320310, 177.187500, 171.914060, 172.617190, 173.671880, 173.320310, 178.242190, 174.023440, 171.562500,   9.960940,   6.328130,   5.332030,   5.097660,   5.449220,   5.273440,   5.097660,   5.039060,   5.214840,   5.097660,   5.039060,   4.980470,   4.980470,   0.168457,   0.213623,   0.123291,   0.177002,   0.164795,   0.183105,   0.190430,   0.216064,   0.184326,   0.213623,   0.189209
2017-01-24T18:10:00Z, 149.765630, 174.023440, 174.023440, 176.484380, 178.242190, 179.648440, 175.078130, 177.187500, 173.671880, 175.781250, 173.320310, 171.914060,   9.960940,   7.207030,   5.332030,   5.507810,   5.156250,   5.390630,   5.156250,   5.156250,   5.097660,   5.214840,   5.214840,   5.097660,   4.980470,   0.152588,   0.139160,   0.144043,   0.172119,   0.150146,   0.185547,   0.181885,   0.190430,   0.152588,   0.213623,   0.145264
2017-01-24T18:20:00Z, 143.437500, 174.726560, 173.320310, 171.562500, 174.726560, 175.078130, 171.562500, 171.914060, 170.859380, 177.890630, 170.156250, 172.265630,  10.605470,   7.734380,   5.156250,   4.980470,   5.039060,   5.039060,   4.863280,   4.687500,   4.921880,   4.863280,   4.863280,   4.394530,   4.804690,   0.141602,   0.151367,   0.169678,   0.134277,   0.131836,   0.191650,   0.156250,   0.168457,   0.144043,   0.220947,   0.156250
2017-01-24T18:30:00Z, 166.289060, 179.648440, 183.515630, 180.000000, 181.406250, 183.164060, 180.351560, 181.406250, 182.460940, 184.218750, 183.515630, 181.406250,   9.960940,   4.863280,   5.097660,   4.980470,   4.863280,   4.980470,   4.804690,   4.863280,   4.687500,   4.980470,   4.746090,   4.394530,   4.511720,   0.198975,   0.164795,   0.187988,   0.205078,   0.229492,   0.179443,   0.203857,   0.194092,   0.228271,   0.268555,   0.219727
2017-01-24T18:40:00Z, 164.531250, 180.000000, 179.648440, 178.593750, 180.000000, 183.164060, 180.351560, 178.242190, 177.890630, 179.648440, 180.703130, 181.054690,   7.207030,   5.566410,   5.097660,   5.097660,   4.921880,   5.039060,   5.039060,   4.921880,   4.570310,   4.687500,   4.804690,   5.039060,   4.687500,   0.111084,   0.168457,   0.164795,   0.179443,   0.158691,   0.194092,   0.152588,   0.178223,   0.195313,   0.186768,   0.147705
2017-01-24T18:50:00Z, 171.210940, 183.515630, 182.460940, 183.515630, 183.515630, 183.515630, 182.812500, 185.273440, 185.273440, 185.976560, 182.812500, 186.679690,   7.089840,   5.625000,   5.273440,   5.214840,   4.980470,   5.449220,   5.039060,   5.039060,   4.921880,   5.097660,   5.097660,   5.156250,   5.097660,   0.169678,   0.152588,   0.140381,   0.173340,   0.194092,   0.177002,   0.183105,   0.190430,   0.155029,   0.191650,   0.179443
2017-01-24T19:00:00Z, 165.937500, 177.539060, 179.648440, 180.000000, 179.648440, 180.000000, 180.351560, 178.945310, 180.000000, 181.054690, 181.406250, 180.351560,   8.964840,   5.859380,   5.039060,   5.156250,   5.156250,   5.214840,   5.214840,   5.332030,   5.156250,   5.449220,   5.332030,   5.273440,   5.214840,   0.162354,   0.163574,   0.191650,   0.168457,   0.197754,   0.159912,   0.152588,   0.187988,   0.177002,   0.167236,   0.189209
2017-01-24T19:10:00Z, 157.500000, 183.867190, 181.054690, 179.648440, 185.625000, 184.570310, 183.515630, 184.921880, 183.867190, 186.328130, 180.000000, 183.164060,  10.136720,   7.089840,   4.980470,   5.097660,   4.921880,   5.332030,   4.921880,   5.039060,   4.804690,   4.804690,   4.511720,   4.804690,   4.687500,   0.162354,   0.124512,   0.147705,   0.187988,   0.183105,   0.141602,   0.152588,   0.197754,   0.158691,   0.186768,   0.157471
2017-01-24T19:20:00Z, 171.914060, 189.140630, 187.031250, 188.789060, 192.304690, 191.250000, 194.765630, 192.304690, 193.359380, 191.953130, 193.710940, 189.843750,  11.250000,   5.976560,   5.039060,   5.156250,   5.273440,   5.273440,   4.921880,   4.921880,   4.804690,   4.863280,   4.746090,   4.804690,   4.746090,   0.166016,   0.153809,   0.141602,   0.150146,   0.151367,   0.208740,   0.166016,   0.233154,   0.225830,   0.256348,   0.196533
2017-01-24T19:30:00Z, 161.367190, 168.398440, 168.750000, 173.320310, 169.453130, 171.914060, 168.398440, 170.156250, 172.617190, 170.507810, 170.507810, 170.156250,   7.265630,   5.039060,   4.804690,   4.687500,   4.804690,   4.804690,   4.804690,   4.687500,   4.804690,   4.863280,   4.980470,   4.804690,   4.804690,   0.173340,   0.198975,   0.239258,   0.179443,   0.172119,   0.151367,   0.173340,   0.191650,   0.213623,   0.173340,   0.211182
2017-01-24T19:40:00Z, 154.335940, 173.671880, 175.078130, 173.320310, 175.429690, 176.835940, 175.078130, 175.781250, 172.617190, 175.078130, 175.781250, 173.671880,   8.554690,   5.332030,   5.039060,   5.039060,   4.804690,   5.156250,   4.980470,   4.921880,   4.921880,   4.687500,   4.804690,   4.863280,   4.570310,   0.135498,   0.190430,   0.185547,   0.173340,   0.198975,   0.158691,   0.184326,   0.172119,   0.187988,   0.192871,   0.256348
2017-01-24T19:50:00Z, 172.968750, 185.976560, 182.812500, 186.328130, 182.109380, 181.757810, 185.273440, 187.031250, 187.382810, 188.437500, 184.570310, 190.195310,   7.265630,   5.566410,   5.097660,   4.921880,   5.039060,   5.156250,   4.980470,   5.214840,   4.921880,   4.921880,   4.804690,   5.214840,   4.863280,   0.148926,   0.175781,   0.167236,   0.158691,   0.194092,   0.144043,   0.155029,   0.185547,   0.185547,   0.158691,   0.177002
2017-01-24T20:00:00Z, 174.375000, 185.976560, 183.164060, 189.843750, 184.570310, 184.218750, 185.273440, 184.570310, 188.789060, 185.625000, 184.218750, 184.570310,   6.914060,   5.449220,   4.335940,   4.511720,   4.628910,   4.453130,   4.687500,   4.570310,   4.570310,   4.335940,   4.394530,   4.394530,   4.570310,   0.174561,   0.208740,   0.219727,   0.177002,   0.195313,   0.200195,   0.184326,   0.211182,   0.170898,   0.239258,   0.201416
2017-01-24T20:10:00Z, 165.937500, 179.296880, 181.054690, 177.890630, 183.164060, 178.945310, 180.000000, 185.976560, 185.273440, 183.867190, 178.242190, 182.109380,   7.031250,   5.390630,   4.570310,   4.687500,   4.453130,   4.394530,   4.511720,   4.335940,   4.335940,   4.453130,   4.218750,   4.218750,   4.218750,   0.164795,   0.238037,   0.198975,   0.218506,   0.186768,   0.185547,   0.228271,   0.195313,   0.206299,   0.231934,   0.166016
2017-01-24T20:20:00Z, 181.757810, 177.539060, 175.078130, 176.132810, 179.648440, 177.890630, 176.132810, 175.781250, 178.242190, 179.296880, 181.054690, 178.242190,   7.148440,   3.574220,   4.863280,   4.804690,   4.687500,   4.804690,   4.687500,   4.687500,   4.746090,   4.628910,   4.687500,   4.863280,   4.570310,   0.217285,   0.173340,   0.194092,   0.235596,   0.150146,   0.196533,   0.168457,   0.174561,   0.170898,   0.198975,   0.183105
2017-01-24T20:30:00Z, 168.046880, 170.507810, 170.156250, 171.210940, 172.617190, 171.210940, 173.320310, 170.507810, 173.320310, 177.187500, 174.375000, 171.562500,   8.203130,   4.863280,   4.746090,   5.097660,   4.863280,   4.863280,   4.687500,   4.746090,   4.687500,   4.863280,   4.628910,   4.746090,   4.687500,   0.202637,   0.238037,   0.219727,   0.183105,   0.168457,   0.223389,   0.206299,   0.222168,   0.202637,   0.211182,   0.194092
2017-01-24T20:40:00Z, 161.367190, 164.531250, 168.750000, 167.695310, 160.664060, 168.398440, 165.585940, 169.453130, 165.585940, 164.882810, 160.312500, 166.640630,   6.679690,   3.515630,   4.453130,   4.453130,   4.335940,   4.511720,   4.394530,   4.335940,   4.218750,   4.394530,   4.218750,   4.101560,   4.218750,   0.214844,   0.157471,   0.166016,   0.186768,   0.189209,   0.208740,   0.156250,   0.224609,   0.219727,   0.223389,   0.230713
2017-01-24T20:50:00Z, 156.796880, 169.804690, 168.398440, 166.289060, 175.078130, 165.937500, 169.804690, 169.101560, 172.617190, 169.453130, 168.398440, 170.859380,   8.203130,   6.035160,   4.804690,   4.628910,   4.570310,   4.628910,   4.394530,   4.570310,   4.453130,   4.511720,   4.335940,   4.335940,   4.277340,   0.177002,   0.216064,   0.187988,   0.159912,   0.187988,   0.166016,   0.205078,   0.223389,   0.247803,   0.219727,   0.213623
2017-01-24T21:00:00Z, 171.210940,NaN,NaN,NaN,NaN,NaN,NaN,NaN,NaN,NaN,NaN,NaN,   8.144530,   5.566410,NaN,NaN,NaN,NaN,NaN,NaN,NaN,NaN,NaN,NaN,NaN,NaN,NaN,NaN,NaN,NaN,NaN,NaN,NaN,NaN,NaN,NaN
2017-01-24T21:10:00Z, 151.523440,NaN,NaN,NaN,NaN,NaN,NaN,NaN,NaN,NaN,NaN,NaN,   8.085940,   6.210940,NaN,NaN,NaN,NaN,NaN,NaN,NaN,NaN,NaN,NaN,NaN,NaN,NaN,NaN,NaN,NaN,NaN,NaN,NaN,NaN,NaN,NaN
2017-01-24T21:20:00Z, 158.906250,NaN,NaN,NaN,NaN,NaN,NaN,NaN,NaN,NaN,NaN,NaN,   8.496090,   5.917970,NaN,NaN,NaN,NaN,NaN,NaN,NaN,NaN,NaN,NaN,NaN,NaN,NaN,NaN,NaN,NaN,NaN,NaN,NaN,NaN,NaN,NaN
2017-01-24T21:30:00Z, 170.507810,NaN,NaN,NaN,NaN,NaN,NaN,NaN,NaN,NaN,NaN,NaN,   8.261720,   5.800780,NaN,NaN,NaN,NaN,NaN,NaN,NaN,NaN,NaN,NaN,NaN,NaN,NaN,NaN,NaN,NaN,NaN,NaN,NaN,NaN,NaN,NaN
2017-01-24T21:40:00Z, 165.234380,NaN,NaN,NaN,NaN,NaN,NaN,NaN,NaN,NaN,NaN,NaN,   8.730470,   5.507810,NaN,NaN,NaN,NaN,NaN,NaN,NaN,NaN,NaN,NaN,NaN,NaN,NaN,NaN,NaN,NaN,NaN,NaN,NaN,NaN,NaN,NaN
2017-01-24T21:50:00Z, 150.117190,NaN,NaN,NaN,NaN,NaN,NaN,NaN,NaN,NaN,NaN,NaN,   6.269530,   3.632810,NaN,NaN,NaN,NaN,NaN,NaN,NaN,NaN,NaN,NaN,NaN,NaN,NaN,NaN,NaN,NaN,NaN,NaN,NaN,NaN,NaN,NaN
2017-01-24T22:00:00Z, 153.984380,NaN,NaN,NaN,NaN,NaN,NaN,NaN,NaN,NaN,NaN,NaN,   7.207030,   3.808590,NaN,NaN,NaN,NaN,NaN,NaN,NaN,NaN,NaN,NaN,NaN,NaN,NaN,NaN,NaN,NaN,NaN,NaN,NaN,NaN,NaN,NaN
2017-01-24T22:10:00Z, 139.921880,NaN,NaN,NaN,NaN,NaN,NaN,NaN,NaN,NaN,NaN,NaN,   6.386720,   4.570310,NaN,NaN,NaN,NaN,NaN,NaN,NaN,NaN,NaN,NaN,NaN,NaN,NaN,NaN,NaN,NaN,NaN,NaN,NaN,NaN,NaN,NaN
2017-01-24T22:20:00Z, 151.875000,NaN,NaN,NaN,NaN,NaN,NaN,NaN,NaN,NaN,NaN,NaN,   6.738280,   4.921880,NaN,NaN,NaN,NaN,NaN,NaN,NaN,NaN,NaN,NaN,NaN,NaN,NaN,NaN,NaN,NaN,NaN,NaN,NaN,NaN,NaN,NaN
2017-01-24T22:30:00Z, 166.992190,NaN,NaN,NaN,NaN,NaN,NaN,NaN,NaN,NaN,NaN,NaN,   7.265630,   5.683590,NaN,NaN,NaN,NaN,NaN,NaN,NaN,NaN,NaN,NaN,NaN,NaN,NaN,NaN,NaN,NaN,NaN,NaN,NaN,NaN,NaN,NaN
2017-01-24T22:40:00Z, 153.281250, 163.828130, 162.421880, 162.070310, 162.773440, 163.828130, 161.015630, 162.070310, 161.015630, 164.179690, 162.070310, 162.421880,   6.972660,   5.566410,   5.859380,   6.035160,   6.035160,   5.976560,   5.976560,   5.800780,   5.859380,   6.035160,   5.917970,   5.683590,   5.800780,   0.168457,   0.183105,   0.164795,   0.166016,   0.203857,   0.198975,   0.164795,   0.219727,   0.180664,   0.219727,   0.169678
2017-01-24T22:50:00Z, 153.281250, 164.882810, 165.937500, 163.476560, 162.070310, 162.421880, 162.773440, 166.992190, 166.640630, 163.828130, 158.554690, 164.179690,   6.738280,   4.804690,   5.156250,   5.566410,   5.625000,   5.449220,   5.625000,   5.566410,   5.390630,   5.214840,   5.390630,   5.273440,   5.273440,   0.218506,   0.224609,   0.211182,   0.159912,   0.167236,   0.162354,   0.164795,   0.168457,   0.151367,   0.236816,   0.209961
2017-01-24T23:00:00Z, 167.343750, 173.671880, 178.242190, 170.156250, 173.320310, 170.507810, 171.914060, 175.781250, 176.132810, 177.187500, 172.968750, 168.750000,   6.386720,   5.097660,   5.917970,   6.035160,   6.152340,   5.683590,   5.625000,   5.917970,   6.093750,   5.976560,   5.625000,   5.566410,   5.742190,   0.175781,   0.184326,   0.146484,   0.166016,   0.212402,   0.177002,   0.187988,   0.218506,   0.190430,   0.192871,   0.164795
2017-01-24T23:10:00Z, 162.773440, 166.640630, 169.453130, 169.101560, 163.828130, 166.992190, 169.453130, 168.398440, 167.343750, 168.046880, 165.585940, 165.937500,   7.265630,   5.449220,   5.566410,   5.273440,   5.625000,   5.800780,   5.800780,   5.683590,   5.566410,   5.859380,   5.566410,   5.625000,   5.449220,   0.155029,   0.153809,   0.161133,   0.141602,   0.168457,   0.192871,   0.189209,   0.162354,   0.181885,   0.191650,   0.153809
2017-01-24T23:20:00Z, 157.148440, 161.367190, 162.773440, 166.640630, 168.046880, 165.234380, 165.937500, 167.343750, 168.750000, 167.695310, 164.882810, 168.398440,   6.503910,   5.039060,   5.156250,   5.156250,   5.273440,   5.273440,   5.390630,   5.156250,   5.449220,   5.097660,   5.449220,   5.214840,   5.390630,   0.209961,   0.124512,   0.183105,   0.187988,   0.163574,   0.168457,   0.183105,   0.208740,   0.151367,   0.190430,   0.220947
2017-01-24T23:30:00Z, 155.742190, 159.257810, 155.039060, 162.421880, 161.015630, 160.664060, 162.070310, 160.312500, 165.585940, 161.015630, 156.796880, 159.609380,   6.796880,   4.980470,   5.039060,   5.332030,   5.214840,   5.566410,   5.449220,   5.449220,   5.625000,   5.683590,   5.566410,   5.507810,   5.449220,   0.180664,   0.186768,   0.159912,   0.162354,   0.181885,   0.177002,   0.179443,   0.175781,   0.194092,   0.158691,   0.161133
2017-01-24T23:40:00Z, 145.898440, 152.578130, 152.578130, 151.171880, 156.445310, 153.632810, 152.226560, 154.687500, 153.281250, 150.117190, 156.445310, 151.523440,   7.031250,   5.332030,   5.507810,   5.683590,   5.566410,   5.742190,   5.625000,   5.917970,   5.625000,   5.566410,   5.976560,   5.390630,   5.566410,   0.197754,   0.169678,   0.152588,   0.197754,   0.174561,   0.153809,   0.196533,   0.173340,   0.170898,   0.203857,   0.198975
2017-01-24T23:50:00Z, 145.546880, 154.335940, 153.281250, 152.578130, 157.851560, 156.796880, 153.281250, 157.851560, 158.203130, 154.687500, 154.335940, 157.148440,   5.917970,   4.687500,   4.746090,   5.273440,   4.980470,   5.039060,   5.273440,   5.214840,   5.507810,   5.039060,   5.039060,   5.156250,   4.980470,   0.172119,   0.175781,   0.153809,   0.174561,   0.180664,   0.158691,   0.186768,   0.219727,   0.189209,   0.228271,   0.183105
